{
  "recommender_name": "interests",
  "population_size": 3000,
  "tick_limit": 36,
  "spatial_overcrowding_events_total": 99,
  "spatial_peak_crowding_ratio_max": 2.9,
  "neighborhood_gini": 0.5686543961659696,
  "top10_popular_share": 0.33932543738351467,
  "precision_at_5": 0.9565983286238039,
  "recall_at_5": 0.648421600970123,
  "diversity_visited_share": 0.68,
  "diversity_recommended_share": 1.0,
  "fairness_mean_abs_disparity": 0.08164171097405473,
  "fairness_max_disparity": 0.20419415286104825,
  "trust_share_interest_ge_median": 1.0,
  "interest_match_mean": 0.7908365414063314,
  "peak_crowding_ratio_by_poi": {
    "1": 0.18,
    "2": 0.2714285714285714,
    "3": 0.26,
    "4": 1.46875,
    "5": 1.225,
    "6": 0.0,
    "7": 0.027958993476234855,
    "8": 0.05333333333333334,
    "9": 0.075,
    "10": 1.275,
    "11": 0.48,
    "12": 0.008333333333333333,
    "13": 0.05,
    "14": 0.0,
    "15": 0.0,
    "16": 2.9,
    "17": 0.0,
    "18": 0.0,
    "19": 0.146,
    "20": 0.723,
    "21": 0.043333333333333335,
    "22": 0.0725,
    "23": 0.005714285714285714,
    "24": 0.006526481421878911,
    "25": 0.8142857142857143,
    "26": 0.0,
    "27": 0.0,
    "28": 0.19166666666666668,
    "29": 0.0,
    "30": 0.24,
    "31": 0.0,
    "32": 0.01875,
    "33": 0.156,
    "34": 0.36666666666666664,
    "35": 0.0,
    "36": 0.63125,
    "37": 0.2225,
    "38": 0.0275,
    "39": 0.003,
    "40": 0.0125,
    "41": 0.11666666666666667,
    "42": 0.0,
    "43": 0.0,
    "44": 0.0,
    "45": 0.04375,
    "46": 0.18333333333333332,
    "47": 0.0,
    "48": 0.0,
    "49": 0.0,
    "50": 0.04125
  }
}