{
  "popularity": {
    "recommender_name": "popularity",
    "population_size": 3000,
    "tick_limit": 36,
    "spatial_overcrowding_events_total": 50,
    "spatial_peak_crowding_ratio_max": 1.6166666666666667,
    "neighborhood_gini": 0.8143297991932462,
    "top10_popular_share": 0.6458879802499614,
    "precision_at_5": 0.48768399938283896,
    "recall_at_5": 0.3436879267495577,
    "diversity_visited_share": 0.08,
    "diversity_recommended_share": 0.38,
    "fairness_mean_abs_disparity": 0.12200646344018243,
    "fairness_max_disparity": 0.3910336484539812,
    "trust_share_interest_ge_median": 0.8191637093041197,
    "interest_match_mean": 0.6701232891260333,
    "peak_crowding_ratio_by_poi": {
      "1": 1.6166666666666667,
      "2": 0.0,
      "3": 0.8275,
      "4": 0.0,
      "5": 0.0,
      "6": 0.0,
      "7": 0.0,
      "8": 0.0,
      "9": 0.0,
      "10": 0.0,
      "11": 0.0,
      "12": 0.0,
      "13": 0.0,
      "14": 0.0,
      "15": 0.0,
      "16": 0.0,
      "17": 0.0,
      "18": 0.0,
      "19": 0.0,
      "20": 1.088,
      "21": 0.0,
      "22": 0.0,
      "23": 0.0,
      "24": 0.0,
      "25": 0.0,
      "26": 0.0,
      "27": 0.0,
      "28": 0.0,
      "29": 0.0,
      "30": 0.0,
      "31": 0.0,
      "32": 0.0,
      "33": 0.0,
      "34": 0.0,
      "35": 0.0,
      "36": 0.0,
      "37": 0.0,
      "38": 0.03625,
      "39": 0.0,
      "40": 0.0,
      "41": 0.0,
      "42": 0.0,
      "43": 0.0,
      "44": 0.0,
      "45": 0.0,
      "46": 0.0,
      "47": 0.0,
      "48": 0.0,
      "49": 0.0,
      "50": 0.0
    }
  },
  "interests": {
    "recommender_name": "interests",
    "population_size": 3000,
    "tick_limit": 36,
    "spatial_overcrowding_events_total": 99,
    "spatial_peak_crowding_ratio_max": 2.9,
    "neighborhood_gini": 0.5686543961659696,
    "top10_popular_share": 0.33932543738351467,
    "precision_at_5": 0.9565983286238039,
    "recall_at_5": 0.648421600970123,
    "diversity_visited_share": 0.68,
    "diversity_recommended_share": 1.0,
    "fairness_mean_abs_disparity": 0.08164171097405473,
    "fairness_max_disparity": 0.20419415286104825,
    "trust_share_interest_ge_median": 1.0,
    "interest_match_mean": 0.7908365414063314,
    "peak_crowding_ratio_by_poi": {
      "1": 0.18,
      "2": 0.2714285714285714,
      "3": 0.26,
      "4": 1.46875,
      "5": 1.225,
      "6": 0.0,
      "7": 0.027958993476234855,
      "8": 0.05333333333333334,
      "9": 0.075,
      "10": 1.275,
      "11": 0.48,
      "12": 0.008333333333333333,
      "13": 0.05,
      "14": 0.0,
      "15": 0.0,
      "16": 2.9,
      "17": 0.0,
      "18": 0.0,
      "19": 0.146,
      "20": 0.723,
      "21": 0.043333333333333335,
      "22": 0.0725,
      "23": 0.005714285714285714,
      "24": 0.006526481421878911,
      "25": 0.8142857142857143,
      "26": 0.0,
      "27": 0.0,
      "28": 0.19166666666666668,
      "29": 0.0,
      "30": 0.24,
      "31": 0.0,
      "32": 0.01875,
      "33": 0.156,
      "34": 0.36666666666666664,
      "35": 0.0,
      "36": 0.63125,
      "37": 0.2225,
      "38": 0.0275,
      "39": 0.003,
      "40": 0.0125,
      "41": 0.11666666666666667,
      "42": 0.0,
      "43": 0.0,
      "44": 0.0,
      "45": 0.04375,
      "46": 0.18333333333333332,
      "47": 0.0,
      "48": 0.0,
      "49": 0.0,
      "50": 0.04125
    }
  },
  "sustainability": {
    "recommender_name": "sustainability",
    "population_size": 3000,
    "tick_limit": 36,
    "spatial_overcrowding_events_total": 11,
    "spatial_peak_crowding_ratio_max": 0.95,
    "neighborhood_gini": 0.45993939234697007,
    "top10_popular_share": 0.2473484151799399,
    "precision_at_5": 0.6352032370792412,
    "recall_at_5": 0.43861563599460157,
    "diversity_visited_share": 0.98,
    "diversity_recommended_share": 1.0,
    "fairness_mean_abs_disparity": 0.03826551772079072,
    "fairness_max_disparity": 0.11785056122872176,
    "trust_share_interest_ge_median": 0.8874685794862363,
    "interest_match_mean": 0.7439865504856147,
    "peak_crowding_ratio_by_poi": {
      "1": 0.03333333333333333,
      "2": 0.20714285714285716,
      "3": 0.02,
      "4": 0.14375,
      "5": 0.0125,
      "6": 0.01,
      "7": 0.018639328984156572,
      "8": 0.0,
      "9": 0.1375,
      "10": 0.16666666666666666,
      "11": 0.72,
      "12": 0.7,
      "13": 0.73,
      "14": 0.95,
      "15": 0.16666666666666666,
      "16": 0.14444444444444443,
      "17": 0.2125,
      "18": 0.0975,
      "19": 0.092,
      "20": 0.109,
      "21": 0.04666666666666667,
      "22": 0.079375,
      "23": 0.04428571428571428,
      "24": 0.010639058756213567,
      "25": 0.15714285714285714,
      "26": 0.40625,
      "27": 0.3875,
      "28": 0.42916666666666664,
      "29": 0.3,
      "30": 0.3,
      "31": 0.012430299736296476,
      "32": 0.01875,
      "33": 0.65,
      "34": 0.3375,
      "35": 0.11666666666666667,
      "36": 0.3375,
      "37": 0.38,
      "38": 0.07125,
      "39": 0.01,
      "40": 0.04583333333333333,
      "41": 0.03333333333333333,
      "42": 0.16,
      "43": 0.11,
      "44": 0.4166666666666667,
      "45": 0.19375,
      "46": 0.7041666666666667,
      "47": 0.70625,
      "48": 0.3625,
      "49": 0.37833333333333335,
      "50": 0.345
    }
  }
}