{
  "recommender_name": "popularity",
  "population_size": 3000,
  "tick_limit": 36,
  "spatial_overcrowding_events_total": 50,
  "spatial_peak_crowding_ratio_max": 1.6166666666666667,
  "neighborhood_gini": 0.8143297991932462,
  "top10_popular_share": 0.6458879802499614,
  "precision_at_5": 0.48768399938283896,
  "recall_at_5": 0.3436879267495577,
  "diversity_visited_share": 0.08,
  "diversity_recommended_share": 0.38,
  "fairness_mean_abs_disparity": 0.12200646344018243,
  "fairness_max_disparity": 0.3910336484539812,
  "trust_share_interest_ge_median": 0.8191637093041197,
  "interest_match_mean": 0.6701232891260333,
  "peak_crowding_ratio_by_poi": {
    "1": 1.6166666666666667,
    "2": 0.0,
    "3": 0.8275,
    "4": 0.0,
    "5": 0.0,
    "6": 0.0,
    "7": 0.0,
    "8": 0.0,
    "9": 0.0,
    "10": 0.0,
    "11": 0.0,
    "12": 0.0,
    "13": 0.0,
    "14": 0.0,
    "15": 0.0,
    "16": 0.0,
    "17": 0.0,
    "18": 0.0,
    "19": 0.0,
    "20": 1.088,
    "21": 0.0,
    "22": 0.0,
    "23": 0.0,
    "24": 0.0,
    "25": 0.0,
    "26": 0.0,
    "27": 0.0,
    "28": 0.0,
    "29": 0.0,
    "30": 0.0,
    "31": 0.0,
    "32": 0.0,
    "33": 0.0,
    "34": 0.0,
    "35": 0.0,
    "36": 0.0,
    "37": 0.0,
    "38": 0.03625,
    "39": 0.0,
    "40": 0.0,
    "41": 0.0,
    "42": 0.0,
    "43": 0.0,
    "44": 0.0,
    "45": 0.0,
    "46": 0.0,
    "47": 0.0,
    "48": 0.0,
    "49": 0.0,
    "50": 0.0
  }
}