{
  "recommender_name": "sustainability",
  "population_size": 3000,
  "tick_limit": 36,
  "spatial_overcrowding_events_total": 11,
  "spatial_peak_crowding_ratio_max": 0.95,
  "neighborhood_gini": 0.45993939234697007,
  "top10_popular_share": 0.2473484151799399,
  "precision_at_5": 0.6352032370792412,
  "recall_at_5": 0.43861563599460157,
  "diversity_visited_share": 0.98,
  "diversity_recommended_share": 1.0,
  "fairness_mean_abs_disparity": 0.03826551772079072,
  "fairness_max_disparity": 0.11785056122872176,
  "trust_share_interest_ge_median": 0.8874685794862363,
  "interest_match_mean": 0.7439865504856147,
  "peak_crowding_ratio_by_poi": {
    "1": 0.03333333333333333,
    "2": 0.20714285714285716,
    "3": 0.02,
    "4": 0.14375,
    "5": 0.0125,
    "6": 0.01,
    "7": 0.018639328984156572,
    "8": 0.0,
    "9": 0.1375,
    "10": 0.16666666666666666,
    "11": 0.72,
    "12": 0.7,
    "13": 0.73,
    "14": 0.95,
    "15": 0.16666666666666666,
    "16": 0.14444444444444443,
    "17": 0.2125,
    "18": 0.0975,
    "19": 0.092,
    "20": 0.109,
    "21": 0.04666666666666667,
    "22": 0.079375,
    "23": 0.04428571428571428,
    "24": 0.010639058756213567,
    "25": 0.15714285714285714,
    "26": 0.40625,
    "27": 0.3875,
    "28": 0.42916666666666664,
    "29": 0.3,
    "30": 0.3,
    "31": 0.012430299736296476,
    "32": 0.01875,
    "33": 0.65,
    "34": 0.3375,
    "35": 0.11666666666666667,
    "36": 0.3375,
    "37": 0.38,
    "38": 0.07125,
    "39": 0.01,
    "40": 0.04583333333333333,
    "41": 0.03333333333333333,
    "42": 0.16,
    "43": 0.11,
    "44": 0.4166666666666667,
    "45": 0.19375,
    "46": 0.7041666666666667,
    "47": 0.70625,
    "48": 0.3625,
    "49": 0.37833333333333335,
    "50": 0.345
  }
}